Owner_info,No_BHK,Locality_info,Price_info,Construction_info,Area_info,Rate_per_sqft
BUILDER,3,Manikonda, 1.6 Cr,Under Construction,2810,"5,699 / sq ft"
BUILDER,2,Shaikpet, 1.43 Cr,Ready to move,1495,"9,565 / sq ft"
BUILDER,2,Bachupally, 56.98 L,Under Construction,1295,"4,400 / sq ft"
BUILDER,2,Shamshabad, 43.6 L,Under Construction,890,"4,899 / sq ft"
BUILDER,3,Tellapur, 65.82 L,Under Construction,1431,"4,600 / sq ft"
BUILDER,3,Attapur, 1.65 Cr,Under Construction,2540,"6,501 / sq ft"
BUILDER,4,Serilingampally, 6.22 Cr,Under Construction,4147,"15,000 / sq ft"
BUILDER,3,Yapral, 1.41 Cr,Under Construction,2615,"5,400 / sq ft"
BUILDER,Residential Plot,Sheriguda, 1.11 Cr,New,3150,"3,555 / sq ft"
BUILDER,3,Manikonda, 95.35 L,Under Construction,1538,"6,200 / sq ft"
BUILDER,4,Bachupally, 1.45 Cr,Under Construction,2300,"6,304 / sq ft"
BUILDER,2,Ghatkesar, 56.25 L,Under Construction,1250,"4,500 / sq ft"
BUILDER,2,Attapur, 72.05 L,Under Construction,1310,"5,500 / sq ft"
BUILDER,3,Kompally, 84.13 L,Under Construction,1790,"4,700 / sq ft"
BUILDER,3,Shankarpalli, 1.46 Cr,Under Construction,3120,"4,700 / sq ft"
BUILDER,3,Nanakramguda, 96.22 L,Ready to move,1415,"6,800 / sq ft"
BUILDER,3,Mallampet, 63.11 L,Under Construction,1503,"4,199 / sq ft"
BUILDER,4,Hitech City, 2.9 Cr,Ready to move,3498,"8,290 / sq ft"
BUILDER,3,Manikonda, 97.11 L,Under Construction,1704,"5,699 / sq ft"
BUILDER,4,Shaikpet, 3.04 Cr,Ready to move,2965,"10,252 / sq ft"
BUILDER,2,Bachupally, 52.58 L,Under Construction,1195,"4,400 / sq ft"
BUILDER,2,Shamshabad, 44.33 L,Under Construction,905,"4,899 / sq ft"
BUILDER,3,Tellapur, 66.01 L,Under Construction,1435,"4,600 / sq ft"
BUILDER,3,Attapur, 1.65 Cr,Under Construction,2540,"6,501 / sq ft"
BUILDER,4,Serilingampally, 4.89 Cr,Under Construction,3262,"15,000 / sq ft"
BUILDER,3,Yapral, 1.59 Cr,Under Construction,2950,"5,400 / sq ft"
BUILDER,Residential Plot,Sheriguda, 1.11 Cr,New,3150,"3,555 / sq ft"
BUILDER,3,Manikonda, 93.31 L,Under Construction,1505,"6,200 / sq ft"
BUILDER,2,Ghatkesar, 54.67 L,Under Construction,1215,"4,500 / sq ft"
BUILDER,3,Attapur, 81.67 L,Under Construction,1485,"5,500 / sq ft"
BUILDER,2,Kompally, 59.69 L,Under Construction,1270,"4,700 / sq ft"
BUILDER,3,Shankarpalli, 1.41 Cr,Under Construction,3000,"4,700 / sq ft"
BUILDER,3,Nanakramguda, 96.9 L,Ready to move,1425,"6,800 / sq ft"
BUILDER,2,Mallampet, 46.48 L,Under Construction,1107,"4,199 / sq ft"
BUILDER,4,Hitech City, 2.56 Cr,Ready to move,3031,"8,446 / sq ft"
BUILDER,3,Manikonda, 1.6 Cr,Under Construction,2810,"5,699 / sq ft"
BUILDER,3,Shaikpet, 1.77 Cr,Ready to move,1865,"9,490 / sq ft"
BUILDER,3,Bachupally, 74.58 L,Under Construction,1695,"4,400 / sq ft"
BUILDER,2,Shamshabad, 48.65 L,Under Construction,945,"5,149 / sq ft"
BUILDER,3,Tellapur, 72.22 L,Under Construction,1570,"4,600 / sq ft"
BUILDER,3,Attapur, 1.65 Cr,Under Construction,2540,"6,501 / sq ft"
BUILDER,4,Serilingampally, 6.38 Cr,Under Construction,4258,"15,000 / sq ft"
BUILDER,3,Yapral, 1.3 Cr,Under Construction,2420,"5,400 / sq ft"
BUILDER,Residential Plot,Sheriguda, 63.99 L,New,1800,"3,555 / sq ft"
BUILDER,2,Manikonda, 77.19 L,Under Construction,1245,"6,200 / sq ft"
BUILDER,3,Ghatkesar, 66.6 L,Under Construction,1480,"4,500 / sq ft"
BUILDER,3,Attapur, 98.72 L,Under Construction,1795,"5,500 / sq ft"
BUILDER,3,Kompally, 81.07 L,Under Construction,1725,"4,700 / sq ft"
BUILDER,3,Mallampet, 63.48 L,Under Construction,1512,"4,199 / sq ft"
OWNER,2,Patancheru, 43.17 L,Ready to move,1439,"3,000 / sq ft"
AGENT,3,Tellapur, 92.62 L,Under Construction,1597,"5,800 / sq ft"
AGENT,2,Nacharam, 47 L,Ready to move,1050,"4,476 / sq ft"
OWNER,2,Nagole, 69 L,Under Construction,1100,"6,272 / sq ft"
OWNER,2,Mokila, 80 L,Under Construction,2600,"3,076 / sq ft"
OWNER,2,Puppalaguda, 82.41 L,Under Construction,1230,"6,700 / sq ft"
OWNER,3,Madhapur, 98 L,Under Construction,1450,"6,758 / sq ft"
OWNER,9,Saidabad, 2.9 Cr,Ready to move,5400,"5,370 / sq ft"
OWNER,4,Indresham, 77.99 L,Ready to move,1800,"4,333 / sq ft"
OWNER,6,Sainikpuri, 1.12 Cr,Under Construction,2300,"4,869 / sq ft"
AGENT,3,Aushapur, 62.37 L,Under Construction,1025,"6,085 / sq ft"
OWNER,2,Chandanagar, 2.5 Cr,Ready to move,1350,"18,518 / sq ft"
OWNER,2,Kollur, 50 L,Under Construction,1250,"4,000 / sq ft"
OWNER,10,Mehdipatnam, 3.5 Cr,Ready to move,9468,"3,696 / sq ft"
OWNER,3,muthangi, 42.77 L,Under Construction,1585,"2,699 / sq ft"
OWNER,2,Ramachandra Puram, 60 L,Ready to move,1200,"5,000 / sq ft"
OWNER,2,Mallapur, 59 L,Ready to move,1168,"5,051 / sq ft"
OWNER,3,Chandanagar Vill, 42.17 L,Under Construction,1205,"3,500 / sq ft"
OWNER,2,Gajularamaram, 55 L,Ready to move,1285,"4,280 / sq ft"
OWNER,2,Kompally, 40 L,Under Construction,1100,"3,636 / sq ft"
OWNER,4,Kundanpally, 78 L,Under Construction,2200,"3,545 / sq ft"
OWNER,3,Kukatpally, 1.2 Cr,Ready to move,1800,"6,666 / sq ft"
OWNER,3,Narsingi, 1.2 Cr,Ready to move,1655,"7,250 / sq ft"
OWNER,3,Jubilee Hills, 1.4 Cr,Ready to move,756,"18,518 / sq ft"
OWNER,3,Banjara Hills, 2.9 Cr,Ready to move,2414,"12,013 / sq ft"
OWNER,3,Banjara Hills, 1.1 Cr,Ready to move,1602,"6,866 / sq ft"
OWNER,2,Amberpet, 45 L,Ready to move,935,"4,812 / sq ft"
OWNER,6,Nallagandla Gachibowli, 6 Cr,Ready to move,5740,"10,452 / sq ft"
OWNER,2,Manikonda, 70 L,Ready to move,1300,"5,384 / sq ft"
OWNER,3,Nizampet, 59 L,Ready to move,1705,"3,460 / sq ft"
OWNER,2,Shadnagar, 45 L,Ready to move,1136,"3,961 / sq ft"
OWNER,Residential Plot,Shadnagar, 11.26 L,Resale,1314,856 / sq ft
OWNER,Residential Plot,chandrayangutta, 30 L,Resale,900,"3,333 / sq ft"
OWNER,Residential Plot,Medchal, 44 L,Resale,1503,"2,927 / sq ft"
OWNER,3,AS Rao Nagar, 1.31 Cr,Ready to move,3000,"4,366 / sq ft"
OWNER,2,Serilingampally, 38 L,Ready to move,830,"4,578 / sq ft"
OWNER,2,Puppalaguda, 64.9 L,Ready to move,1290,"5,031 / sq ft"
OWNER,5,Kothapet, 2.5 Cr,Ready to move,4400,"5,681 / sq ft"
OWNER,3,Bandlaguda Jagir, 93 L,Ready to move,1332,"6,981 / sq ft"
OWNER,2,Pasumamula, 60 L,Under Construction,1300,"4,615 / sq ft"
OWNER,2,Madhapur, 1.29 Cr,Ready to move,1360,"9,485 / sq ft"
OWNER,3,Kishan Bagh, 45 L,Ready to move,900,"5,000 / sq ft"
OWNER,2,Chengicherla, 62 L,Ready to move,1197,"5,179 / sq ft"
OWNER,2,Manikonda, 26 L,Ready to move,700,"3,714 / sq ft"
OWNER,2,Karmanghat, 53.72 L,Ready to move,1130,"4,753 / sq ft"
OWNER,2,Meerpet, 32 L,Ready to move,870,"3,678 / sq ft"
OWNER,3,Nanakramguda, 1.66 Cr,Ready to move,1870,"8,877 / sq ft"
OWNER,4,Kondakal, 1 Cr,Under Construction,1800,"5,555 / sq ft"
OWNER,2,Jeedimetla, 32 L,Ready to move,864,"3,703 / sq ft"
OWNER,2,Suchitra, 65 L,Ready to move,1220,"5,327 / sq ft"
OWNER,Residential Plot,Shankarpalli, 28 L,Resale,1500,"1,866 / sq ft"
AGENT,3,Tellapur, 1.28 Cr,Under Construction,2208,"5,800 / sq ft"
AGENT,3,Tellapur, 2.07 Cr,Under Construction,3569,"5,800 / sq ft"
AGENT,3,Tellapur, 1.17 Cr,Under Construction,2132,"5,500 / sq ft"
AGENT,3,Tellapur, 1 Cr,Under Construction,2132,"4,700 / sq ft"
OWNER,2,Mokila, 80 L,Under Construction,2600,"3,076 / sq ft"
OWNER,2,Mokila, 80 L,Under Construction,2600,"3,076 / sq ft"
OWNER,2,Mokila, 80 L,Under Construction,2600,"3,076 / sq ft"
OWNER,2,Mokila, 80 L,Under Construction,2600,"3,076 / sq ft"
OWNER,2,Mokila, 80 L,Under Construction,2600,"3,076 / sq ft"
OWNER,2,Mokila, 80 L,Under Construction,2600,"3,076 / sq ft"
OWNER,2,Mokila, 80 L,Under Construction,2600,"3,076 / sq ft"
OWNER,2,Mokila, 80 L,Under Construction,2600,"3,076 / sq ft"
OWNER,2,Mokila, 80 L,Under Construction,2600,"3,076 / sq ft"
OWNER,2,Mokila, 80 L,Under Construction,2600,"3,076 / sq ft"
OWNER,2,Puppalaguda, 82.41 L,Under Construction,1230,"6,700 / sq ft"
OWNER,9,Saidabad, 2.9 Cr,Ready to move,5400,"5,370 / sq ft"
OWNER,3,Madhapur, 1.03 Cr,Under Construction,1450,"7,103 / sq ft"
OWNER,3,Madhapur, 1.03 Cr,Under Construction,1450,"7,103 / sq ft"
OWNER,9,Saidabad, 2.9 Cr,Ready to move,5400,"5,370 / sq ft"
OWNER,9,Saidabad, 2.9 Cr,Ready to move,5400,"5,370 / sq ft"
OWNER,4,Indresham, 77.99 L,Ready to move,1800,"4,333 / sq ft"
OWNER,4,Indresham, 77.99 L,Ready to move,1800,"4,333 / sq ft"
OWNER,4,Indresham, 77.99 L,Ready to move,1800,"4,333 / sq ft"
OWNER,4,Indresham, 77.99 L,Ready to move,1800,"4,333 / sq ft"
OWNER,2,Puppalaguda, 82.41 L,Under Construction,1230,"6,700 / sq ft"
OWNER,9,Saidabad, 2.9 Cr,Ready to move,5400,"5,370 / sq ft"
OWNER,3,Madhapur, 1.03 Cr,Under Construction,1450,"7,103 / sq ft"
OWNER,3,Madhapur, 1.03 Cr,Under Construction,1450,"7,103 / sq ft"
OWNER,9,Saidabad, 2.9 Cr,Ready to move,5400,"5,370 / sq ft"
OWNER,9,Saidabad, 2.9 Cr,Ready to move,5400,"5,370 / sq ft"
OWNER,3,Madhapur, 1.03 Cr,Under Construction,1450,"7,103 / sq ft"
OWNER,6,Sainikpuri, 1.12 Cr,Under Construction,2300,"4,869 / sq ft"
AGENT,3,Aushapur, 69.25 L,Under Construction,1150,"6,021 / sq ft"
AGENT,3,Aushapur, 76.12 L,Under Construction,1275,"5,970 / sq ft"
OWNER,2,Puppalaguda, 82.41 L,Under Construction,1230,"6,700 / sq ft"
OWNER,3,Kollur, 66.27 L,Under Construction,1665,"3,980 / sq ft"
OWNER,3,Kollur, 66.27 L,Under Construction,1665,"3,980 / sq ft"
OWNER,3,Kollur, 66.27 L,Under Construction,1665,"3,980 / sq ft"
OWNER,3,Kollur, 66.27 L,Under Construction,1665,"3,980 / sq ft"
OWNER,3,Kollur, 66.27 L,Under Construction,1665,"3,980 / sq ft"
OWNER,2,Kollur, 50 L,Under Construction,1250,"4,000 / sq ft"
OWNER,2,Kollur, 50 L,Under Construction,1250,"4,000 / sq ft"
OWNER,2,Kollur, 50 L,Under Construction,1250,"4,000 / sq ft"
OWNER,3,Bahadurpally, 1.2 Cr,Ready to move,2200,"5,454 / sq ft"
OWNER,3,Bahadurpally, 1.2 Cr,Ready to move,2200,"5,454 / sq ft"
OWNER,2,Puppalaguda, 82.41 L,Under Construction,1230,"6,700 / sq ft"
OWNER,4,Patancheru, 74.99 L,Ready to move,1820,"4,120 / sq ft"
OWNER,3,muthangi, 36 L,Under Construction,1560,"2,307 / sq ft"
OWNER,3,Chandanagar, 44 L,Under Construction,1240,"3,548 / sq ft"
OWNER,3,Chandanagar, 44 L,Under Construction,1240,"3,548 / sq ft"
OWNER,3,Chandanagar, 44 L,Under Construction,1240,"3,548 / sq ft"
OWNER,3,muthangi, 36 L,Under Construction,1560,"2,307 / sq ft"
OWNER,3,Chandanagar, 44 L,Under Construction,1240,"3,548 / sq ft"
OWNER,2,muthangi, 35 L,Under Construction,1560,"2,243 / sq ft"
OWNER,2,muthangi, 35 L,Under Construction,1560,"2,243 / sq ft"
OWNER,2,muthangi, 35 L,Under Construction,1560,"2,243 / sq ft"
OWNER,2,muthangi, 26 L,Under Construction,1150,"2,260 / sq ft"
OWNER,2,Chandanagar Vill, 38 L,Under Construction,1040,"3,653 / sq ft"
OWNER,2,Chandanagar Vill, 38 L,Under Construction,1040,"3,653 / sq ft"
OWNER,2,muthangi, 35 L,Under Construction,1560,"2,243 / sq ft"
OWNER,2,muthangi, 35 L,Under Construction,1560,"2,243 / sq ft"
OWNER,2,muthangi, 26 L,Under Construction,1170,"2,222 / sq ft"
OWNER,2,muthangi, 26 L,Under Construction,1170,"2,222 / sq ft"
OWNER,3,muthangi, 36 L,Under Construction,1520,"2,368 / sq ft"
OWNER,3,muthangi, 36 L,Under Construction,1520,"2,368 / sq ft"
OWNER,3,muthangi, 36 L,Under Construction,1520,"2,368 / sq ft"
OWNER,2,muthangi, 26 L,Under Construction,1170,"2,222 / sq ft"
OWNER,2,muthangi, 26 L,Under Construction,1170,"2,222 / sq ft"
OWNER,3,Chandanagar, 44 L,Under Construction,1240,"3,548 / sq ft"
OWNER,2,Miyapur, 36 L,Under Construction,1020,"3,529 / sq ft"
OWNER,2,Miyapur, 36 L,Under Construction,1020,"3,529 / sq ft"
OWNER,2,Miyapur, 36 L,Under Construction,1020,"3,529 / sq ft"
OWNER,2,Miyapur, 36 L,Under Construction,1020,"3,529 / sq ft"
OWNER,2,Miyapur, 36 L,Under Construction,1020,"3,529 / sq ft"
OWNER,2,Miyapur, 36 L,Under Construction,1020,"3,529 / sq ft"
OWNER,3,muthangi, 36 L,Under Construction,1520,"2,368 / sq ft"
OWNER,3,muthangi, 36 L,Under Construction,1520,"2,368 / sq ft"
OWNER,3,Miyapur, 47.6 L,Under Construction,1360,"3,500 / sq ft"
OWNER,2,Miyapur, 36 L,Under Construction,1040,"3,461 / sq ft"
OWNER,2,muthangi, 26 L,Under Construction,1170,"2,222 / sq ft"
OWNER,3,muthangi, 36 L,Under Construction,1560,"2,307 / sq ft"
OWNER,3,muthangi, 36 L,Under Construction,1560,"2,307 / sq ft"
OWNER,3,muthangi, 36 L,Under Construction,1560,"2,307 / sq ft"
OWNER,3,muthangi, 36 L,Under Construction,1560,"2,307 / sq ft"
OWNER,3,Chandanagar, 44 L,Under Construction,1240,"3,548 / sq ft"
OWNER,3,Chandanagar, 44 L,Under Construction,1240,"3,548 / sq ft"
OWNER,3,Chandanagar, 44 L,Under Construction,1240,"3,548 / sq ft"
OWNER,2,muthangi, 26 L,Under Construction,1170,"2,222 / sq ft"
OWNER,2,muthangi, 26 L,Under Construction,1170,"2,222 / sq ft"
OWNER,3,Miyapur, 47.6 L,Under Construction,1360,"3,500 / sq ft"
OWNER,3,Chandanagar, 44 L,Under Construction,1240,"3,548 / sq ft"
OWNER,2,muthangi, 26 L,Under Construction,1170,"2,222 / sq ft"
OWNER,3,Chandanagar, 44 L,Under Construction,1240,"3,548 / sq ft"
OWNER,2,muthangi, 26 L,Under Construction,1170,"2,222 / sq ft"
OWNER,3,muthangi, 36 L,Under Construction,1520,"2,368 / sq ft"
OWNER,2,Miyapur, 36 L,Under Construction,1020,"3,529 / sq ft"
OWNER,2,Miyapur, 36 L,Under Construction,1020,"3,529 / sq ft"
OWNER,2,Miyapur, 36 L,Under Construction,1020,"3,529 / sq ft"
OWNER,2,Miyapur, 36 L,Under Construction,1020,"3,529 / sq ft"
OWNER,3,muthangi, 36 L,Under Construction,1520,"2,368 / sq ft"
OWNER,3,Chandanagar, 44 L,Under Construction,1240,"3,548 / sq ft"
OWNER,2,Miyapur, 36 L,Under Construction,1020,"3,529 / sq ft"
OWNER,3,Chandanagar, 44 L,Under Construction,1240,"3,548 / sq ft"
OWNER,2,Miyapur, 36 L,Under Construction,1020,"3,529 / sq ft"
OWNER,3,muthangi, 36 L,Under Construction,1520,"2,368 / sq ft"
OWNER,2,Miyapur, 36 L,Under Construction,1020,"3,529 / sq ft"
OWNER,3,Chandanagar, 44 L,Under Construction,1240,"3,548 / sq ft"
OWNER,3,muthangi, 36 L,Under Construction,1520,"2,368 / sq ft"
OWNER,2,Miyapur, 36 L,Under Construction,1040,"3,461 / sq ft"
OWNER,3,muthangi, 36 L,Under Construction,1520,"2,368 / sq ft"
OWNER,3,muthangi, 36 L,Under Construction,1560,"2,307 / sq ft"
OWNER,2,muthangi, 26 L,Under Construction,1170,"2,222 / sq ft"
OWNER,2,Miyapur, 36 L,Under Construction,1040,"3,461 / sq ft"
OWNER,2,Miyapur, 36 L,Under Construction,1040,"3,461 / sq ft"
OWNER,3,muthangi, 36 L,Under Construction,1560,"2,307 / sq ft"
OWNER,3,muthangi, 36 L,Under Construction,1560,"2,307 / sq ft"
OWNER,2,Miyapur, 36 L,Under Construction,1040,"3,461 / sq ft"
OWNER,3,muthangi, 36 L,Under Construction,1560,"2,307 / sq ft"
OWNER,2,Miyapur, 36 L,Under Construction,1040,"3,461 / sq ft"
OWNER,2,Miyapur, 36 L,Under Construction,1040,"3,461 / sq ft"
OWNER,2,muthangi, 26 L,Under Construction,1150,"2,260 / sq ft"
OWNER,2,Miyapur, 36 L,Under Construction,1150,"3,130 / sq ft"
OWNER,2,Miyapur, 36 L,Under Construction,1150,"3,130 / sq ft"
OWNER,2,Miyapur, 36 L,Under Construction,1150,"3,130 / sq ft"
OWNER,2,Miyapur, 36 L,Under Construction,1150,"3,130 / sq ft"
OWNER,2,Miyapur, 36 L,Under Construction,1150,"3,130 / sq ft"
OWNER,2,Miyapur, 36 L,Under Construction,1150,"3,130 / sq ft"
OWNER,2,Miyapur, 36 L,Under Construction,1150,"3,130 / sq ft"
OWNER,3,Chandanagar, 44 L,Under Construction,1240,"3,548 / sq ft"
OWNER,3,Chandanagar, 44 L,Under Construction,1240,"3,548 / sq ft"
OWNER,3,Chandanagar, 44 L,Under Construction,1240,"3,548 / sq ft"
OWNER,3,Chandanagar, 44 L,Under Construction,1240,"3,548 / sq ft"
OWNER,3,Chandanagar, 44 L,Under Construction,1240,"3,548 / sq ft"
OWNER,2,Chandanagar Vill, 38 L,Under Construction,1040,"3,653 / sq ft"
OWNER,2,Chandanagar Vill, 38 L,Under Construction,1040,"3,653 / sq ft"
OWNER,2,Chandanagar Vill, 38 L,Under Construction,1040,"3,653 / sq ft"
OWNER,2,Chandanagar Vill, 38 L,Under Construction,1040,"3,653 / sq ft"
OWNER,2,muthangi, 26 L,Under Construction,1150,"2,260 / sq ft"
OWNER,2,muthangi, 26 L,Under Construction,1150,"2,260 / sq ft"
OWNER,2,muthangi, 26 L,Under Construction,1150,"2,260 / sq ft"
OWNER,2,muthangi, 26 L,Under Construction,1150,"2,260 / sq ft"
OWNER,3,muthangi, 36 L,Under Construction,1520,"2,368 / sq ft"
OWNER,2,muthangi, 26 L,Under Construction,1170,"2,222 / sq ft"
OWNER,3,Chandanagar, 44 L,Under Construction,1240,"3,548 / sq ft"
OWNER,2,Miyapur, 34 L,Under Construction,1040,"3,269 / sq ft"
OWNER,2,muthangi, 26 L,Under Construction,1150,"2,260 / sq ft"
OWNER,2,Miyapur, 35.7 L,Under Construction,1020,"3,500 / sq ft"
OWNER,3,Miyapur, 54.6 L,Under Construction,1560,"3,500 / sq ft"
OWNER,2,Miyapur, 44 L,Under Construction,1050,"4,190 / sq ft"
OWNER,2,muthangi, 35 L,Under Construction,1560,"2,243 / sq ft"
OWNER,2,muthangi, 35 L,Under Construction,1560,"2,243 / sq ft"
OWNER,2,muthangi, 35 L,Under Construction,1560,"2,243 / sq ft"
OWNER,2,muthangi, 26 L,Under Construction,1150,"2,260 / sq ft"
OWNER,2,muthangi, 35 L,Under Construction,1560,"2,243 / sq ft"
OWNER,2,muthangi, 35 L,Under Construction,1560,"2,243 / sq ft"
OWNER,2,muthangi, 26 L,Under Construction,1150,"2,260 / sq ft"
OWNER,2,Miyapur, 36 L,Under Construction,1150,"3,130 / sq ft"
OWNER,2,Miyapur, 36 L,Under Construction,1150,"3,130 / sq ft"
OWNER,2,muthangi, 26 L,Under Construction,1150,"2,260 / sq ft"
OWNER,2,Miyapur, 36 L,Under Construction,1150,"3,130 / sq ft"
OWNER,2,muthangi, 26 L,Under Construction,1150,"2,260 / sq ft"
OWNER,2,muthangi, 26 L,Under Construction,1150,"2,260 / sq ft"
OWNER,3,Chandanagar, 44 L,Under Construction,1240,"3,548 / sq ft"
OWNER,2,Miyapur, 34 L,Under Construction,1040,"3,269 / sq ft"
OWNER,2,muthangi, 26 L,Under Construction,1150,"2,260 / sq ft"
OWNER,2,Miyapur, 36 L,Under Construction,1150,"3,130 / sq ft"
OWNER,2,muthangi, 26 L,Under Construction,1150,"2,260 / sq ft"
OWNER,2,Miyapur, 36 L,Under Construction,1150,"3,130 / sq ft"
OWNER,2,Miyapur, 36 L,Under Construction,1150,"3,130 / sq ft"
OWNER,2,muthangi, 35 L,Under Construction,1560,"2,243 / sq ft"
OWNER,3,Chandanagar, 44 L,Under Construction,1240,"3,548 / sq ft"
OWNER,2,Chandanagar Vill, 38 L,Under Construction,1040,"3,653 / sq ft"
OWNER,2,Miyapur, 36 L,Under Construction,1150,"3,130 / sq ft"
OWNER,3,Chandanagar, 44 L,Under Construction,1240,"3,548 / sq ft"
OWNER,3,Chandanagar, 44 L,Under Construction,1240,"3,548 / sq ft"
OWNER,3,Chandanagar, 44 L,Under Construction,1240,"3,548 / sq ft"
OWNER,2,Miyapur, 34 L,Under Construction,1040,"3,269 / sq ft"
OWNER,2,muthangi, 26 L,Under Construction,1150,"2,260 / sq ft"
OWNER,2,Chandanagar Vill, 38 L,Under Construction,1040,"3,653 / sq ft"
OWNER,3,Chandanagar, 44 L,Under Construction,1240,"3,548 / sq ft"
OWNER,2,Miyapur, 36 L,Under Construction,1150,"3,130 / sq ft"
OWNER,2,muthangi, 26 L,Under Construction,1150,"2,260 / sq ft"
OWNER,2,muthangi, 26 L,Under Construction,1150,"2,260 / sq ft"
OWNER,2,Chandanagar Vill, 38 L,Under Construction,1040,"3,653 / sq ft"
OWNER,2,Chandanagar Vill, 38 L,Under Construction,1040,"3,653 / sq ft"
OWNER,2,muthangi, 26 L,Under Construction,1150,"2,260 / sq ft"
OWNER,2,muthangi, 26 L,Under Construction,1150,"2,260 / sq ft"
OWNER,2,muthangi, 26 L,Under Construction,1150,"2,260 / sq ft"
OWNER,2,Chandanagar Vill, 38 L,Under Construction,1040,"3,653 / sq ft"
OWNER,2,Miyapur, 36 L,Under Construction,1150,"3,130 / sq ft"
OWNER,2,Chandanagar, 34 L,Under Construction,1040,"3,269 / sq ft"
OWNER,2,Miyapur, 38 L,Under Construction,1040,"3,653 / sq ft"
OWNER,2,Miyapur, 38 L,Under Construction,1060,"3,584 / sq ft"
OWNER,2,Miyapur, 38 L,Under Construction,1060,"3,584 / sq ft"
OWNER,3,Chandanagar, 37 L,Under Construction,1040,"3,557 / sq ft"
OWNER,2,Miyapur, 38 L,Under Construction,1040,"3,653 / sq ft"
OWNER,2,Miyapur, 38 L,Under Construction,1040,"3,653 / sq ft"
OWNER,2,Miyapur, 38 L,Under Construction,1060,"3,584 / sq ft"
OWNER,2,Miyapur, 38 L,Under Construction,1040,"3,653 / sq ft"
OWNER,2,Miyapur, 38 L,Under Construction,1040,"3,653 / sq ft"
OWNER,2,Miyapur, 38 L,Under Construction,1060,"3,584 / sq ft"
OWNER,2,Miyapur, 38 L,Under Construction,1040,"3,653 / sq ft"
OWNER,2,Miyapur, 38 L,Under Construction,1060,"3,584 / sq ft"
OWNER,2,Miyapur, 38 L,Under Construction,1040,"3,653 / sq ft"
OWNER,2,Miyapur, 38 L,Under Construction,1040,"3,653 / sq ft"
OWNER,2,Miyapur, 36 L,Under Construction,1020,"3,529 / sq ft"
OWNER,3,Chandanagar, 44 L,Under Construction,1240,"3,548 / sq ft"
OWNER,2,Miyapur, 36 L,Under Construction,1020,"3,529 / sq ft"
OWNER,3,Chandanagar, 37 L,Under Construction,1040,"3,557 / sq ft"
OWNER,2,Miyapur, 36 L,Under Construction,1020,"3,529 / sq ft"
OWNER,2,Miyapur, 36 L,Under Construction,1020,"3,529 / sq ft"
OWNER,2,Miyapur, 36 L,Under Construction,1020,"3,529 / sq ft"
OWNER,3,Chandanagar, 37 L,Under Construction,1040,"3,557 / sq ft"
OWNER,2,Miyapur, 38 L,Under Construction,1060,"3,584 / sq ft"
OWNER,3,Chandanagar, 37 L,Under Construction,1040,"3,557 / sq ft"
OWNER,3,Chandanagar, 37 L,Under Construction,1040,"3,557 / sq ft"
OWNER,3,Chandanagar, 37 L,Under Construction,1040,"3,557 / sq ft"
OWNER,2,Miyapur, 36 L,Under Construction,1020,"3,529 / sq ft"
OWNER,3,Chandanagar, 37 L,Under Construction,1040,"3,557 / sq ft"
OWNER,2,Miyapur, 38 L,Under Construction,1060,"3,584 / sq ft"
OWNER,2,Miyapur, 36 L,Under Construction,1020,"3,529 / sq ft"
OWNER,2,Miyapur, 38 L,Under Construction,1060,"3,584 / sq ft"
OWNER,2,Miyapur, 38 L,Under Construction,1060,"3,584 / sq ft"
OWNER,2,Miyapur, 38 L,Under Construction,1040,"3,653 / sq ft"
OWNER,2,Miyapur, 38 L,Under Construction,1040,"3,653 / sq ft"
OWNER,2,Miyapur, 38 L,Under Construction,1040,"3,653 / sq ft"
OWNER,2,Miyapur, 38 L,Under Construction,1040,"3,653 / sq ft"
OWNER,2,Miyapur, 38 L,Under Construction,1040,"3,653 / sq ft"
OWNER,3,Chandanagar, 37 L,Under Construction,1040,"3,557 / sq ft"
OWNER,2,Miyapur, 38 L,Under Construction,1040,"3,653 / sq ft"
OWNER,3,Chandanagar, 37 L,Under Construction,1040,"3,557 / sq ft"
OWNER,3,Chandanagar, 37 L,Under Construction,1040,"3,557 / sq ft"
OWNER,3,Chandanagar, 37 L,Under Construction,1040,"3,557 / sq ft"
OWNER,3,Chandanagar, 44 L,Under Construction,1240,"3,548 / sq ft"
OWNER,3,Chandanagar, 44 L,Under Construction,1240,"3,548 / sq ft"
OWNER,3,Chandanagar, 44 L,Under Construction,1240,"3,548 / sq ft"
OWNER,3,Chandanagar, 37 L,Under Construction,1040,"3,557 / sq ft"
OWNER,3,Chandanagar, 44 L,Under Construction,1240,"3,548 / sq ft"
OWNER,3,Chandanagar, 44 L,Under Construction,1240,"3,548 / sq ft"
OWNER,2,Miyapur, 36 L,Under Construction,1020,"3,529 / sq ft"
OWNER,3,Chandanagar, 44 L,Under Construction,1240,"3,548 / sq ft"
OWNER,2,Miyapur, 36 L,Under Construction,1020,"3,529 / sq ft"
OWNER,3,Chandanagar, 37 L,Under Construction,1040,"3,557 / sq ft"
OWNER,2,Miyapur, 36 L,Under Construction,1020,"3,529 / sq ft"
OWNER,2,Miyapur, 36 L,Under Construction,1020,"3,529 / sq ft"
OWNER,2,Miyapur, 36 L,Under Construction,1020,"3,529 / sq ft"
OWNER,3,Chandanagar, 37 L,Under Construction,1040,"3,557 / sq ft"
OWNER,2,Miyapur, 38 L,Under Construction,1060,"3,584 / sq ft"
OWNER,3,Chandanagar, 37 L,Under Construction,1040,"3,557 / sq ft"
OWNER,3,Chandanagar, 37 L,Under Construction,1040,"3,557 / sq ft"
OWNER,3,Chandanagar, 37 L,Under Construction,1040,"3,557 / sq ft"
OWNER,2,Miyapur, 36 L,Under Construction,1020,"3,529 / sq ft"
OWNER,3,Chandanagar, 37 L,Under Construction,1040,"3,557 / sq ft"
OWNER,2,Miyapur, 38 L,Under Construction,1060,"3,584 / sq ft"
OWNER,2,Miyapur, 36 L,Under Construction,1020,"3,529 / sq ft"
OWNER,2,Miyapur, 38 L,Under Construction,1060,"3,584 / sq ft"
OWNER,2,Miyapur, 38 L,Under Construction,1060,"3,584 / sq ft"
OWNER,2,Miyapur, 38 L,Under Construction,1040,"3,653 / sq ft"
OWNER,2,Miyapur, 38 L,Under Construction,1040,"3,653 / sq ft"
OWNER,2,Miyapur, 38 L,Under Construction,1040,"3,653 / sq ft"
OWNER,3,Miyapur, 43.4 L,Under Construction,1240,"3,500 / sq ft"
OWNER,3,Miyapur, 43.4 L,Under Construction,1240,"3,500 / sq ft"
OWNER,3,Miyapur, 43.4 L,Under Construction,1240,"3,500 / sq ft"
OWNER,3,Chandanagar, 44 L,Under Construction,1260,"3,492 / sq ft"
OWNER,2,Chandanagar, 36 L,Under Construction,1020,"3,529 / sq ft"
OWNER,3,Miyapur, 43.4 L,Under Construction,1240,"3,500 / sq ft"
OWNER,2,Chandanagar, 36 L,Under Construction,1020,"3,529 / sq ft"
OWNER,3,Miyapur, 43.4 L,Under Construction,1240,"3,500 / sq ft"
OWNER,3,Miyapur, 43.4 L,Under Construction,1240,"3,500 / sq ft"
OWNER,2,Chandanagar, 36 L,Under Construction,1020,"3,529 / sq ft"
OWNER,3,Miyapur, 43.4 L,Under Construction,1240,"3,500 / sq ft"
OWNER,3,Miyapur, 43.4 L,Under Construction,1240,"3,500 / sq ft"
OWNER,2,Chandanagar, 36 L,Under Construction,1020,"3,529 / sq ft"
OWNER,2,Chandanagar, 38 L,Under Construction,1040,"3,653 / sq ft"
OWNER,3,Nizampet, 59 L,Ready to move,1705,"3,460 / sq ft"
OWNER,3,Nizampet, 59 L,Ready to move,1705,"3,460 / sq ft"
OWNER,2,Manikonda, 70 L,Ready to move,1300,"5,384 / sq ft"
OWNER,3,Chandanagar, 44 L,Under Construction,1260,"3,492 / sq ft"
OWNER,2,Chandanagar, 38 L,Under Construction,1040,"3,653 / sq ft"
OWNER,2,Manikonda, 70 L,Ready to move,1300,"5,384 / sq ft"
